title,score,url,id,author,created_utc,num_comments,clean_title,vader_compound,vader_label,textblob_polarity,textblob_label,bert_label,bert_emotion
A Texas Cop Searched License Plate Cameras Nationwide for a Woman Who Got an Abortion,8644,https://www.404media.co/a-texas-cop-searched-license-plate-cameras-nationwide-for-a-woman-who-got-an-abortion/,1kyh8c5,indig0sixalpha,1748540880.0,540,a texas cop searched license plate cameras nationwide for a woman who got an abortion,0.0,neutral,0.0,neutral,negative,fear
Tesla Dumping Unsold Cybertrucks At Mall Parking Lot And The City’s Fed Up,14876,https://www.carscoops.com/2025/05/detroit-tesla-cybertruck-storage-parking-code-violation/,1kycl48,Exciting_Teacher6258,1748529820.0,1258,tesla dumping unsold cybertrucks at mall parking lot and the citys fed up,-0.3182,negative,0.0,neutral,negative,anger
Tinder tests letting users set a 'height preference',3559,https://techcrunch.com/2025/05/29/tinder-tests-letting-users-set-a-height-preference/,1kykpld,joethemaker22,1748549129.0,1237,tinder tests letting users set a height preference,0.0,neutral,0.0,neutral,negative,fear
College grads shocked as names are read at commencement — by AI,6407,https://nypost.com/2025/05/23/tech/college-grads-shocked-as-names-are-read-at-commencement-by-ai-what-a-beautiful-personal-touch/,1ky9kx5,upyoars,1748521876.0,712,college grads shocked as names are read at commencement by ai,-0.3182,negative,-0.7,negative,negative,surprise
Tesla Running So-Called 'Full Self-Driving' Software Splatters 'Child' In School Bus Test,2758,https://www.jalopnik.com/1872373/tesla-full-self-driving-hits-child-school-bus-test/,1kye0vh,indig0sixalpha,1748533263.0,392,tesla running socalled full selfdriving software splatters child in school bus test,0.0,neutral,0.35,positive,negative,fear
US will refuse visas to foreign officials who block Americans’ social media posts | Trump administration | The Guardian,750,https://www.theguardian.com/us-news/2025/may/28/us-refuse-visas-foreign-officials-social-media,1kyjd6k,irtiq7,1748545882.0,158,us will refuse visas to foreign officials who block americans social media posts trump administration the guardian,-0.6249,negative,-0.04583333333333334,neutral,negative,anger
"The US Is Storing Migrant Children’s DNA in a Criminal Database | Customs and Border Protection has swabbed the DNA of migrant children as young as 4, whose genetic data is uploaded to an FBI-run database that can track them if they commit crimes in the future.",1438,https://www.wired.com/story/cbp-dna-migrant-children-fbi-codis/,1kyal7b,Aggravating_Money992,1748524735.0,129,the us is storing migrant childrens dna in a criminal database customs and border protection has swabbed the dna of migrant children as young as 4 whose genetic data is uploaded to an fbirun database that can track them if they commit crimes in the future,-0.296,negative,-0.10000000000000002,negative,negative,anger
Google confirms that Instagram battery drain you've noticed on your phones is real,1207,https://www.androidauthority.com/google-instagram-battery-drain-advisory-3562233/,1kybm0y,lurker_bee,1748527413.0,84,google confirms that instagram battery drain youve noticed on your phones is real,0.0,neutral,0.2,positive,negative,joy
IBM Joins The Layoff Express By Firing About 8000 Staff; HR Department Affected The Most,497,https://in.mashable.com/tech/94878/ibm-joins-the-layoff-express-by-firing-about-8000-staff-hr-department-affected-the-most,1kygyam,lurker_bee,1748540215.0,73,ibm joins the layoff express by firing about 8000 staff hr department affected the most,-0.4588,negative,0.5,positive,negative,anger
TikTok algorithm recommends twice as much hard right content to users ahead of Polish election,652,https://globalwitness.org/en/campaigns/digital-threats/tiktok-algorithm-recommends-twice-as-much-hard-right-content-to-users-ahead-of-polish-election/,1kyefma,chrisdh79,1748534275.0,43,tiktok algorithm recommends twice as much hard right content to users ahead of polish election,0.128,positive,-0.0029761904761904934,neutral,negative,joy
Texas forces Google and Apple to verify ages in app stores. Teen social media ban could be next.,10049,https://mashable.com/article/texas-age-verification-law-google-apple,1kxyxjz,vriska1,1748483608.0,845,texas forces google and apple to verify ages in app stores teen social media ban could be next,-0.5574,negative,0.011111111111111112,neutral,negative,fear
Tesla Dropped from #2 Auto Brand to #3 Auto Brand in California in 1st Quarter,2036,https://cleantechnica.com/2025/05/28/tesla-dropped-from-2-auto-brand-to-3-auto-brand-in-california-in-1st-quarter/,1ky6ef5,Wagamaga,1748510766.0,191,tesla dropped from 2 auto brand to 3 auto brand in california in 1st quarter,0.0,neutral,0.0,neutral,negative,anger
"Business Insider Layoffs: 21% of Staff Cut in Shift to AI, Live Events",226,https://variety.com/2025/digital/news/business-insider-layoffs-shift-toward-ai-live-events-1236412950/,1kylp6g,idkbruh653,1748551505.0,25,business insider layoffs 21 of staff cut in shift to ai live events,-0.2732,negative,0.13636363636363635,positive,negative,anger
Fake My Run Is Exactly What It Sounds Like,596,https://www.nytimes.com/2025/05/29/style/fake-my-run-strava.html?unlocked_article_code=1.K08.g3nq.4RLLEUrLQ6D4,1kyc44q,rezwenn,1748528676.0,208,fake my run is exactly what it sounds like,-0.1531,negative,-0.125,negative,negative,sadness
"Universe’s mysteries may never be solved because of Trump’s Nasa cuts, experts say | ‘Extinction-level cuts’ to space agency’s spending means labs will close and deep-space missions will be abandoned",923,https://www.theguardian.com/us-news/2025/may/29/trump-nasa-cuts,1ky7lqp,chrisdh79,1748515375.0,108,universes mysteries may never be solved because of trumps nasa cuts experts say extinctionlevel cuts to space agencys spending means labs will close and deepspace missions will be abandoned,-0.8028,negative,0.0,neutral,negative,sadness
"LinkedIn lays off 281 workers in California, including slew of Bay Area engineers",111,https://www.sfgate.com/tech/article/linkedin-layoffs-california-including-engineers-20351870.php,1kyn7mj,abrownn,1748555240.0,23,linkedin lays off 281 workers in california including slew of bay area engineers,0.0,neutral,0.0,neutral,negative,anger
"Pirate IPTV Consumed By 30% of Swedes, Including 50% of Men Under 35",820,https://torrentfreak.com/pirate-iptv-consumed-by-30-of-swedes-including-50-of-men-under-35-290529/,1ky5nvu,a_Ninja_b0y,1748507741.0,124,pirate iptv consumed by 30 of swedes including 50 of men under 35,0.0,neutral,0.0,neutral,negative,anger
Spread of sexual deepfake images created by generative AI growing in Japan,171,https://mainichi.jp/english/articles/20250529/p2a/00m/0na/027000c?fbclid=IwY2xjawKlUthleHRuA2FlbQIxMQABHif7vuZ2Vx-HCGaUKytNCxOt62WRArcMbJHovQfUXpUCaflAsQc-0SmNZoPF_aem_xVrfh8rIEEAfsedL7tPiEg,1kydl9w,moeka_8962,1748532226.0,47,spread of sexual deepfake images created by generative ai growing in japan,0.4019,positive,0.5,positive,negative,love
"AI Cheating Is So Out of Hand In America’s Schools That the Blue Books Are Coming Back | Pen and paper is back, baby.",53646,https://gizmodo.com/ai-cheating-is-so-out-of-hand-in-americas-schools-that-the-blue-books-are-coming-back-2000607771,1kxjbwh,chrisdh79,1748444473.0,3194,ai cheating is so out of hand in americas schools that the blue books are coming back pen and paper is back baby,-0.0352,neutral,0.0,neutral,negative,anger
"International students sue over Trump’s social media surveillance plan | The State Department has suspended student visa interviews, putting applicants in limbo.",141,https://www.theverge.com/news/676419/iranian-interntional-students-lawsuit-trump-dhs-vetting,1kydpr3,chrisdh79,1748532529.0,3,international students sue over trumps social media surveillance plan the state department has suspended student visa interviews putting applicants in limbo,-0.4767,negative,0.016666666666666666,neutral,negative,anger
